{"stats":{"minecraft:mined":{"create:zinc_ore":32,"create:deepslate_zinc_ore":13,"farmersdelight:rich_soil":2,"minecraft:dark_oak_leaves":49,"minecraft:deepslate_diamond_ore":34,"minecraft:dark_oak_log":36,"destroy:fluorite_ore":9,"minecraft:brewing_stand":2,"minecraft:grass_block":16,"create:ochrum":32,"minecraft:brown_mushroom_block":45,"minecraft:soul_soil":5,"minecraft:coal_block":72,"travelersbackpack:white_sleeping_bag":1,"minecraft:spruce_leaves":1,"minecraft:large_fern":2,"minecraft:hay_block":15,"minecraft:magma_block":20,"minecraft:furnace":2,"destroy:deepslate_fluorite_ore":18,"minecraft:polished_basalt":4,"minecraft:iron_ore":8,"minecraft:cobbled_deepslate":2,"minecraft:fire":12,"minecraft:pumpkin":17,"minecraft:deepslate_lapis_ore":3,"create:asurine":8,"minecraft:bookshelf":20,"minecraft:deepslate_iron_ore":13,"destroy:nickel_ore":28,"minecraft:stone":56,"ad_astra:sky_stone":21,"minecraft:podzol":1,"minecraft:deepslate_redstone_ore":9,"minecraft:brown_mushroom":25,"farmersdelight:organic_compost":9,"minecraft:blackstone":66,"minecraft:soul_sand":4,"minecraft:basalt":15,"minecraft:dandelion":8,"minecraft:crafting_table":6,"minecraft:torch":1,"minecraft:calcite":4,"destroy:deepslate_nickel_ore":9,"minecraft:chest":2,"farmersdelight:brown_mushroom_colony":1,"minecraft:mushroom_stem":58,"minecraft:tall_grass":16,"minecraft:cobblestone":25,"minecraft:deepslate_coal_ore":2,"minecraft:wall_torch":2,"minecraft:birch_log":9,"minecraft:sweet_berry_bush":10,"minecraft:birch_leaves":2,"minecraft:yellow_bed":1,"minecraft:grass":30,"minecraft:oak_log":27,"minecraft:coal_ore":136,"minecraft:gravel":4,"minecraft:dirt":2,"minecraft:cobweb":3,"minecraft:smooth_basalt":17,"minecraft:red_mushroom_block":304,"minecraft:stonecutter":1,"minecraft:oak_leaves":183,"minecraft:deepslate":8},"minecraft:used":{"minecraft:chest":2,"minecraft:shield":19,"minecraft:iron_sword":100,"minecraft:cooked_chicken":4,"minecraft:rotten_flesh":3,"minecraft:torch":137,"minecraft:dirt":4,"minecraft:wooden_axe":4,"minecraft:iron_axe":450,"minecraft:sweet_berries":17,"minecraft:furnace":4,"tombstone:gift":5,"minecraft:egg":1,"minecraft:cooked_beef":6,"minecraft:cobbled_deepslate":2,"minecraft:cooked_mutton":2,"minecraft:water_bucket":15,"minecraft:stone_pickaxe":64,"minecraft:blackstone":24,"minecraft:wooden_pickaxe":15,"minecraft:brown_mushroom":6,"minecraft:composter":1,"farmersdelight:organic_compost":9,"minecraft:oak_leaves":110,"minecraft:crafting_table":7,"minecraft:mushroom_stew":2,"minecraft:red_mushroom":5,"minecraft:shears":110,"minecraft:oak_log":9,"waystones:waystone":2,"minecraft:bread":28,"minecraft:suspicious_stew":1,"minecraft:iron_pickaxe":639,"travelersbackpack:white_sleeping_bag":1,"tombstone:grave_key":1,"ad_astra:sky_stone":8,"minecraft:stone_axe":121,"minecraft:wooden_sword":44,"minecraft:cobblestone":33,"minecraft:bucket":16,"minecraft:birch_log":2,"minecraft:yellow_bed":1,"alexsmobs:animal_dictionary":1,"minecraft:bone_meal":14},"minecraft:dropped":{"minecraft:iron_ingot":5,"minecraft:bread":17,"minecraft:wheat_seeds":2,"minecraft:cooked_porkchop":7,"minecraft:cobblestone":3,"minecraft:coal":11,"minecraft:stick":2,"minecraft:dirt":1,"minecraft:wooden_axe":1,"minecraft:stone_axe":1,"minecraft:blackstone":1,"minecraft:cobbled_deepslate":2,"minecraft:rotten_flesh":9,"minecraft:cooked_mutton":3,"alexsmobs:cockroach_wing_fragment":1,"minecraft:wooden_pickaxe":1,"minecraft:stone_pickaxe":1},"minecraft:broken":{"minecraft:iron_axe":1,"minecraft:wooden_sword":1,"minecraft:stone_axe":1,"minecraft:iron_pickaxe":2},"minecraft:custom":{"minecraft:mob_kills":51,"minecraft:interact_with_crafting_table":39,"minecraft:leave_game":12,"minecraft:time_since_death":47705,"minecraft:climb_one_cm":5462,"minecraft:sprint_one_cm":414335,"minecraft:walk_one_cm":475459,"minecraft:damage_blocked_by_shield":1005,"minecraft:drop":19,"minecraft:play_time":254445,"minecraft:deaths":6,"minecraft:sneak_time":7491,"minecraft:walk_under_water_one_cm":41259,"minecraft:jump":3061,"minecraft:walk_on_water_one_cm":47425,"minecraft:total_world_time":254445,"minecraft:interact_with_furnace":60,"minecraft:sleep_in_bed":5,"minecraft:time_since_rest":47586,"minecraft:waystone_activated":2,"minecraft:damage_taken":4241,"minecraft:damage_dealt":7706,"minecraft:player_kills":1,"minecraft:swim_one_cm":64308,"minecraft:fly_one_cm":601110,"minecraft:open_chest":41,"minecraft:crouch_one_cm":19599,"tombstone:undead_killed":19,"minecraft:fall_one_cm":75092},"minecraft:killed":{"mca:female_zombie_villager":1,"alexsmobs:raccoon":1,"minecraft:spider":6,"minecraft:slime":1,"minecraft:skeleton":8,"minecraft:chicken":4,"alexsmobs:bison":2,"minecraft:pig":6,"minecraft:creeper":2,"minecraft:sheep":2,"minecraft:zombie":10,"alexsmobs:cockroach":1,"alexsmobs:terrapin":1,"minecraft:cow":6},"minecraft:killed_by":{"minecraft:player":1,"minecraft:creeper":1,"alexsmobs:centipede_head":1,"minecraft:skeleton":3},"minecraft:crafted":{"minecraft:wooden_sword":1,"minecraft:oak_planks":72,"minecraft:coal":144,"minecraft:cooked_chicken":4,"minecraft:furnace":3,"minecraft:mushroom_stew":2,"minecraft:bone_meal":12,"minecraft:cooked_mutton":3,"minecraft:suspicious_stew":2,"minecraft:glass":12,"travelersbackpack:white_sleeping_bag":1,"minecraft:iron_axe":2,"minecraft:stone_pickaxe":1,"minecraft:chest":2,"minecraft:wheat":135,"minecraft:cooked_beef":8,"minecraft:coal_block":29,"minecraft:oak_slab":12,"minecraft:cooked_porkchop":14,"minecraft:crafting_table":3,"travelersbackpack:backpack_tank":2,"minecraft:wooden_pickaxe":1,"travelersbackpack:standard":1,"minecraft:iron_sword":1,"minecraft:bowl":8,"minecraft:bucket":1,"minecraft:birch_planks":28,"minecraft:stone_axe":1,"minecraft:air":0,"minecraft:bread":45,"minecraft:diamond_pickaxe":1,"minecraft:shield":1,"minecraft:stick":60,"minecraft:iron_ingot":31,"minecraft:iron_pickaxe":4,"minecraft:wooden_axe":1,"minecraft:composter":1,"minecraft:torch":184,"minecraft:shears":1},"minecraft:picked_up":{"minecraft:crafting_table":6,"minecraft:chicken":4,"minecraft:brown_mushroom":44,"minecraft:enchanted_book":1,"minecraft:brewing_stand":2,"ad_astra:sky_stone":21,"minecraft:string":7,"minecraft:soul_soil":5,"minecraft:blackstone":63,"minecraft:cobbled_deepslate":10,"minecraft:beef":28,"minecraft:calcite":4,"minecraft:iron_pickaxe":1,"minecraft:coal_block":72,"minecraft:chest":2,"minecraft:furnace":2,"minecraft:egg":6,"minecraft:dark_oak_sapling":6,"minecraft:stick":24,"minecraft:raw_iron":23,"minecraft:torch":33,"minecraft:porkchop":14,"tombstone:grave_dust":1,"destroy:raw_nickel":37,"minecraft:redstone":42,"minecraft:arrow":10,"minecraft:rotten_flesh":12,"create:ochrum":33,"destroy:fluorite":26,"minecraft:polished_basalt":4,"minecraft:hay_block":15,"create:asurine":8,"minecraft:mutton":3,"minecraft:white_wool":4,"minecraft:cobblestone":79,"minecraft:birch_log":9,"farmersdelight:rich_soil":2,"minecraft:magma_block":19,"minecraft:feather":6,"minecraft:basalt":15,"minecraft:leather":7,"minecraft:red_mushroom":130,"create:raw_zinc":45,"minecraft:oak_log":27,"minecraft:yellow_bed":1,"minecraft:gunpowder":3,"minecraft:lapis_lazuli":19,"minecraft:dirt":16,"tombstone:gift":2,"farmersdelight:organic_compost":9,"minecraft:cooked_mutton":2,"minecraft:bone":7,"minecraft:apple":2,"minecraft:stonecutter":1,"minecraft:wheat_seeds":26,"alexsmobs:cockroach_wing_fragment":1,"minecraft:soul_sand":4,"minecraft:book":60,"minecraft:smooth_basalt":7,"minecraft:pumpkin":16,"minecraft:sweet_berries":16,"minecraft:dandelion":7,"minecraft:gravel":4,"minecraft:dark_oak_log":36,"minecraft:spider_eye":2,"travelersbackpack:white_sleeping_bag":1,"minecraft:slime_ball":2,"minecraft:diamond":34,"minecraft:stone_axe":1,"waystones:waystone":2,"minecraft:bone_meal":6,"tombstone:magic_scroll":1,"minecraft:oak_sapling":12,"minecraft:coal":164,"minecraft:oak_leaves":110}},"DataVersion":3465}