{"stats":{"minecraft:used":{"minecraft:stone_pickaxe":64,"minecraft:chest":1,"minecraft:wooden_pickaxe":15,"minecraft:cooked_chicken":1,"minecraft:torch":15,"minecraft:crafting_table":5,"waystones:waystone":1,"minecraft:wooden_axe":4,"minecraft:bread":8,"minecraft:iron_pickaxe":324,"ad_astra:sky_stone":8,"minecraft:stone_axe":33,"minecraft:wooden_sword":29,"minecraft:furnace":1,"minecraft:birch_log":2,"minecraft:yellow_bed":1,"alexsmobs:animal_dictionary":1,"minecraft:cobbled_deepslate":2},"minecraft:picked_up":{"minecraft:birch_log":9,"minecraft:magma_block":15,"minecraft:crafting_table":3,"minecraft:basalt":15,"minecraft:chicken":1,"minecraft:leather":3,"create:raw_zinc":29,"minecraft:brewing_stand":2,"ad_astra:sky_stone":21,"minecraft:yellow_bed":1,"minecraft:dirt":1,"minecraft:soul_soil":5,"minecraft:blackstone":1,"minecraft:stonecutter":1,"minecraft:wheat_seeds":2,"minecraft:cobbled_deepslate":3,"minecraft:beef":6,"minecraft:calcite":4,"minecraft:coal_block":72,"minecraft:chest":1,"minecraft:soul_sand":4,"minecraft:stick":7,"minecraft:raw_iron":11,"minecraft:pumpkin":16,"minecraft:torch":1,"destroy:raw_nickel":28,"minecraft:redstone":14,"create:ochrum":33,"waystones:waystone":1,"destroy:fluorite":8,"minecraft:polished_basalt":4,"minecraft:hay_block":15,"create:asurine":8,"minecraft:coal":92,"minecraft:cobblestone":36},"minecraft:mined":{"create:zinc_ore":29,"minecraft:deepslate_redstone_ore":3,"minecraft:blackstone":2,"minecraft:soul_sand":4,"minecraft:basalt":15,"destroy:fluorite_ore":9,"minecraft:brewing_stand":2,"minecraft:crafting_table":3,"minecraft:grass_block":1,"minecraft:calcite":4,"minecraft:chest":1,"create:ochrum":32,"minecraft:cobblestone":1,"minecraft:soul_soil":5,"minecraft:coal_block":72,"minecraft:tall_grass":3,"minecraft:hay_block":15,"minecraft:magma_block":16,"minecraft:polished_basalt":4,"minecraft:birch_log":9,"minecraft:iron_ore":7,"minecraft:cobbled_deepslate":1,"minecraft:birch_leaves":2,"minecraft:pumpkin":17,"minecraft:yellow_bed":1,"create:asurine":8,"minecraft:grass":10,"minecraft:coal_ore":95,"minecraft:deepslate_iron_ore":2,"destroy:nickel_ore":28,"minecraft:stonecutter":1,"minecraft:stone":37,"ad_astra:sky_stone":21,"minecraft:deepslate":3},"minecraft:custom":{"minecraft:interact_with_furnace":7,"minecraft:mob_kills":6,"minecraft:interact_with_crafting_table":15,"minecraft:leave_game":5,"minecraft:time_since_death":89591,"minecraft:sleep_in_bed":3,"minecraft:climb_one_cm":2854,"minecraft:time_since_rest":47653,"minecraft:waystone_activated":1,"minecraft:sprint_one_cm":80858,"minecraft:damage_taken":256,"minecraft:walk_one_cm":107360,"minecraft:drop":7,"minecraft:damage_dealt":738,"minecraft:swim_one_cm":27619,"minecraft:fly_one_cm":120844,"minecraft:open_chest":4,"minecraft:crouch_one_cm":2307,"minecraft:play_time":89591,"tombstone:undead_killed":1,"minecraft:sneak_time":1023,"minecraft:walk_under_water_one_cm":16309,"minecraft:jump":789,"minecraft:walk_on_water_one_cm":23443,"minecraft:total_world_time":89591,"minecraft:fall_one_cm":18536},"minecraft:killed":{"minecraft:zombie":1,"alexsmobs:terrapin":1,"minecraft:chicken":1,"minecraft:cow":3},"minecraft:dropped":{"minecraft:bread":17,"minecraft:iron_ingot":1,"minecraft:blackstone":1,"minecraft:cobblestone":3,"minecraft:wooden_axe":1,"minecraft:stone_pickaxe":1,"minecraft:wooden_pickaxe":1},"minecraft:broken":{"minecraft:iron_pickaxe":1},"minecraft:crafted":{"minecraft:wooden_sword":1,"minecraft:crafting_table":2,"minecraft:wooden_pickaxe":1,"minecraft:cooked_chicken":1,"minecraft:furnace":1,"minecraft:birch_planks":28,"minecraft:stone_axe":1,"minecraft:bread":45,"minecraft:air":0,"minecraft:stick":24,"minecraft:iron_ingot":3,"minecraft:iron_pickaxe":2,"minecraft:stone_pickaxe":1,"minecraft:wooden_axe":1,"minecraft:torch":52,"minecraft:wheat":135}},"DataVersion":3465}