{"stats":{"minecraft:mined":{"the_deep_void:pile_of_bones":1,"create:zinc_ore":33,"create:deepslate_zinc_ore":13,"farmersdelight:rich_soil":2,"minecraft:dark_oak_leaves":49,"minecraft:deepslate_diamond_ore":47,"minecraft:dark_oak_log":36,"destroy:fluorite_ore":9,"minecraft:brewing_stand":2,"minecraft:grass_block":16,"create:ochrum":32,"minecraft:brown_mushroom_block":45,"minecraft:coal_block":72,"minecraft:soul_soil":5,"travelersbackpack:white_sleeping_bag":3,"minecraft:spruce_leaves":1,"minecraft:gilded_blackstone":42,"the_deep_void:bone_marrow":1,"minecraft:large_fern":2,"minecraft:hay_block":15,"minecraft:magma_block":94,"minecraft:furnace":2,"destroy:deepslate_fluorite_ore":18,"minecraft:iron_ore":40,"minecraft:polished_basalt":4,"minecraft:cobbled_deepslate":3,"minecraft:fire":14,"minecraft:andesite":10,"minecraft:pumpkin":17,"minecraft:deepslate_lapis_ore":3,"create:asurine":8,"minecraft:bookshelf":20,"destroy:nickel_ore":28,"minecraft:deepslate_iron_ore":21,"minecraft:stone":62,"minecraft:bone_block":1,"ad_astra:sky_stone":32,"minecraft:podzol":1,"minecraft:deepslate_redstone_ore":9,"minecraft:brown_mushroom":26,"minecraft:soul_sand":4,"minecraft:blackstone":85,"farmersdelight:organic_compost":9,"minecraft:basalt":40,"minecraft:dandelion":63,"travelersbackpack:standard":3,"minecraft:crafting_table":6,"minecraft:torch":2,"minecraft:calcite":4,"minecraft:poppy":1,"destroy:deepslate_nickel_ore":18,"minecraft:chest":3,"farmersdelight:brown_mushroom_colony":5,"minecraft:mushroom_stem":58,"minecraft:tall_grass":23,"minecraft:cobblestone":25,"minecraft:deepslate_coal_ore":2,"minecraft:deepslate_gold_ore":14,"minecraft:wall_torch":2,"travelersbackpack:diamond":6,"minecraft:birch_log":9,"minecraft:sweet_berry_bush":10,"minecraft:birch_leaves":2,"minecraft:yellow_bed":1,"minecraft:grass":47,"minecraft:oak_log":27,"minecraft:coal_ore":141,"minecraft:sand":35,"minecraft:gravel":5,"minecraft:dirt":2,"minecraft:cobweb":3,"minecraft:smooth_basalt":19,"minecraft:red_mushroom_block":304,"minecraft:stonecutter":1,"minecraft:oak_leaves":183,"minecraft:deepslate":18},"minecraft:crafted":{"minecraft:wooden_sword":1,"minecraft:oak_planks":72,"minecraft:coal":153,"travelersbackpack:crafting_upgrade":2,"minecraft:cooked_chicken":4,"travelersbackpack:hose_nozzle":1,"minecraft:furnace":3,"minecraft:mushroom_stew":2,"minecraft:bone_meal":12,"travelersbackpack:diamond":5,"travelersbackpack:blank_upgrade":8,"travelersbackpack:gold_tier_upgrade":2,"minecraft:cooked_mutton":3,"minecraft:suspicious_stew":17,"minecraft:glass":62,"travelersbackpack:white_sleeping_bag":1,"minecraft:iron_axe":2,"minecraft:stone_pickaxe":1,"minecraft:chest":3,"minecraft:dark_oak_planks":36,"travelersbackpack:diamond_tier_upgrade":2,"minecraft:wheat":135,"minecraft:cooked_beef":8,"minecraft:coal_block":29,"minecraft:oak_slab":12,"travelersbackpack:iron_tier_upgrade":2,"minecraft:cooked_porkchop":14,"minecraft:crafting_table":3,"travelersbackpack:backpack_tank":6,"minecraft:wooden_pickaxe":1,"travelersbackpack:standard":1,"minecraft:iron_sword":1,"minecraft:smithing_table":1,"minecraft:bowl":8,"minecraft:bucket":1,"minecraft:birch_planks":28,"minecraft:stone_axe":1,"minecraft:air":0,"minecraft:bread":45,"minecraft:diamond_pickaxe":1,"minecraft:shield":1,"minecraft:stick":60,"minecraft:iron_ingot":72,"minecraft:iron_pickaxe":4,"minecraft:wooden_axe":1,"minecraft:gold_ingot":14,"farmersdelight:diamond_knife":1,"minecraft:composter":1,"minecraft:torch":232,"minecraft:shears":1},"minecraft:killed_by":{"the_deep_void:lurker":1,"minecraft:player":1,"the_deep_void:bone_crawler":1,"minecraft:creeper":1,"the_deep_void:stalker":1,"minecraft:pillager":2,"alexsmobs:centipede_head":1,"minecraft:skeleton":5,"minecraft:zombie":1},"minecraft:dropped":{"minecraft:iron_ingot":5,"minecraft:bread":17,"minecraft:oak_slab":5,"minecraft:wheat_seeds":2,"minecraft:crafting_table":1,"minecraft:cooked_porkchop":7,"minecraft:cobblestone":4,"minecraft:leather":7,"travelersbackpack:iron_tier_upgrade":1,"travelersbackpack:standard":1,"minecraft:coal":11,"minecraft:coal_block":23,"minecraft:stick":2,"minecraft:dirt":1,"minecraft:wooden_axe":1,"minecraft:gilded_blackstone":39,"minecraft:white_banner":1,"minecraft:dark_oak_planks":32,"minecraft:gravel":1,"minecraft:stone_axe":1,"minecraft:blackstone":8,"minecraft:cobbled_deepslate":2,"minecraft:oak_planks":8,"minecraft:rotten_flesh":9,"minecraft:cooked_mutton":3,"travelersbackpack:diamond_tier_upgrade":1,"travelersbackpack:gold_tier_upgrade":1,"alexsmobs:cockroach_wing_fragment":1,"minecraft:andesite":4,"travelersbackpack:crafting_upgrade":1,"minecraft:glass":15,"minecraft:stone_pickaxe":1,"minecraft:wooden_pickaxe":1},"minecraft:broken":{"minecraft:shield":1,"minecraft:iron_axe":1,"minecraft:wooden_sword":1,"minecraft:stone_axe":1,"minecraft:iron_pickaxe":3},"minecraft:used":{"farmersdelight:diamond_knife":59,"minecraft:chest":2,"minecraft:shield":51,"minecraft:iron_sword":190,"travelersbackpack:diamond":5,"minecraft:cooked_chicken":4,"minecraft:rotten_flesh":3,"minecraft:torch":239,"minecraft:dirt":4,"minecraft:wooden_axe":4,"minecraft:iron_axe":450,"minecraft:basalt":11,"minecraft:sweet_berries":17,"minecraft:oak_sapling":6,"minecraft:furnace":4,"tombstone:gift":5,"minecraft:egg":1,"minecraft:cooked_beef":8,"minecraft:cobbled_deepslate":6,"minecraft:cooked_mutton":2,"minecraft:water_bucket":18,"minecraft:stone_pickaxe":64,"minecraft:blackstone":24,"minecraft:wooden_pickaxe":15,"minecraft:brown_mushroom":11,"minecraft:composter":1,"farmersdelight:organic_compost":9,"minecraft:oak_leaves":110,"minecraft:mushroom_stew":2,"minecraft:crafting_table":7,"minecraft:red_mushroom":5,"minecraft:shears":110,"minecraft:oak_log":9,"waystones:waystone":4,"minecraft:diamond_pickaxe":1,"minecraft:bread":28,"minecraft:suspicious_stew":10,"minecraft:iron_pickaxe":930,"travelersbackpack:white_sleeping_bag":1,"tombstone:grave_key":1,"ad_astra:sky_stone":8,"minecraft:stone_axe":121,"minecraft:wooden_sword":44,"travelersbackpack:standard":1,"minecraft:cobblestone":38,"minecraft:smithing_table":1,"minecraft:cooked_porkchop":7,"minecraft:andesite":2,"minecraft:bucket":19,"minecraft:birch_log":2,"minecraft:yellow_bed":1,"alexsmobs:animal_dictionary":1,"minecraft:bone_meal":14},"minecraft:custom":{"minecraft:interact_with_smithing_table":5,"minecraft:mob_kills":93,"minecraft:interact_with_crafting_table":63,"minecraft:leave_game":13,"minecraft:time_since_death":18606,"minecraft:damage_resisted":2060,"minecraft:climb_one_cm":5462,"minecraft:sprint_one_cm":628682,"minecraft:walk_one_cm":651217,"minecraft:damage_blocked_by_shield":2730,"minecraft:drop":43,"minecraft:play_time":377434,"minecraft:deaths":15,"minecraft:sneak_time":13616,"minecraft:walk_under_water_one_cm":52145,"minecraft:jump":4855,"minecraft:walk_on_water_one_cm":58801,"minecraft:total_world_time":377434,"minecraft:interact_with_furnace":114,"tombstone:raider_killed":3,"minecraft:sleep_in_bed":12,"minecraft:time_since_rest":17472,"minecraft:waystone_activated":4,"minecraft:damage_taken":10276,"minecraft:damage_dealt":14667,"minecraft:player_kills":1,"minecraft:swim_one_cm":101055,"minecraft:fly_one_cm":972826,"minecraft:open_chest":99,"minecraft:crouch_one_cm":30878,"tombstone:undead_killed":32,"minecraft:fall_one_cm":183349},"minecraft:killed":{"mca:female_zombie_villager":2,"mca:male_zombie_villager":1,"alexsmobs:raccoon":1,"minecraft:spider":8,"alexsmobs:tasmanian_devil":2,"minecraft:slime":1,"minecraft:skeleton":13,"minecraft:chicken":5,"alexsmobs:bison":5,"minecraft:pig":6,"minecraft:creeper":3,"minecraft:sheep":2,"minecraft:pillager":3,"the_deep_void:bone_crawler":2,"minecraft:zombie":16,"alexsmobs:cockroach":1,"alexsmobs:terrapin":1,"alexsmobs:gazelle":1,"minecraft:cow":19},"minecraft:picked_up":{"minecraft:crafting_table":7,"minecraft:chicken":5,"minecraft:brown_mushroom":97,"minecraft:enchanted_book":1,"minecraft:gilded_blackstone":78,"minecraft:brewing_stand":2,"ad_astra:sky_stone":31,"minecraft:string":7,"minecraft:soul_soil":5,"travelersbackpack:diamond":6,"minecraft:blackstone":104,"minecraft:gold_nugget":5,"minecraft:cobbled_deepslate":20,"minecraft:beef":76,"minecraft:calcite":4,"minecraft:poppy":1,"minecraft:iron_pickaxe":1,"minecraft:coal_block":95,"minecraft:chest":3,"minecraft:furnace":2,"minecraft:egg":6,"minecraft:dark_oak_sapling":6,"minecraft:stick":27,"minecraft:raw_iron":61,"minecraft:bowl":6,"minecraft:torch":34,"minecraft:porkchop":14,"tombstone:grave_dust":4,"destroy:raw_nickel":46,"minecraft:redstone":42,"minecraft:dark_oak_planks":32,"minecraft:arrow":15,"minecraft:rotten_flesh":17,"create:ochrum":33,"destroy:fluorite":26,"minecraft:polished_basalt":4,"minecraft:hay_block":15,"create:asurine":8,"alexsmobs:emu_egg":2,"minecraft:mutton":4,"minecraft:bone_block":1,"minecraft:white_wool":4,"minecraft:cobblestone":85,"minecraft:birch_log":9,"minecraft:magma_block":89,"farmersdelight:rich_soil":2,"minecraft:feather":8,"minecraft:basalt":40,"minecraft:andesite":11,"minecraft:acacia_leaves":1,"minecraft:leather":31,"minecraft:red_mushroom":130,"alexsmobs:bison_fur":3,"create:raw_zinc":46,"minecraft:oak_log":27,"minecraft:yellow_bed":1,"minecraft:gunpowder":4,"minecraft:lapis_lazuli":19,"minecraft:dirt":16,"minecraft:white_banner":1,"tombstone:gift":2,"farmersdelight:organic_compost":9,"minecraft:cooked_mutton":2,"minecraft:glass":3,"minecraft:bone":12,"minecraft:apple":2,"minecraft:stonecutter":1,"minecraft:wheat_seeds":27,"minecraft:raw_gold":14,"alexsmobs:cockroach_wing_fragment":1,"minecraft:oak_planks":8,"minecraft:soul_sand":4,"minecraft:book":60,"minecraft:oak_slab":5,"minecraft:smooth_basalt":7,"minecraft:pumpkin":16,"minecraft:sweet_berries":16,"minecraft:sand":35,"minecraft:dandelion":67,"minecraft:gravel":6,"minecraft:dark_oak_log":36,"minecraft:spider_eye":2,"travelersbackpack:white_sleeping_bag":1,"travelersbackpack:standard":4,"minecraft:slime_ball":2,"minecraft:diamond":47,"minecraft:stone_axe":1,"waystones:waystone":4,"minecraft:crossbow":1,"minecraft:bone_meal":6,"tombstone:magic_scroll":1,"minecraft:oak_sapling":18,"minecraft:coal":169,"minecraft:oak_leaves":110}},"DataVersion":3465}