{"stats":{"minecraft:mined":{"minecraft:dark_oak_planks":8,"create:deepslate_zinc_ore":13,"farmersdelight:rich_soil":2,"destroy:fluorite_ore":9,"minecraft:brewing_stand":2,"minecraft:red_sand":1,"minecraft:grass_block":18,"minecraft:soul_soil":5,"minecraft:coal_block":72,"minecraft:gilded_blackstone":42,"minecraft:magma_block":94,"minecraft:iron_ore":55,"minecraft:cobbled_deepslate":3,"minecraft:fire":14,"minecraft:pumpkin":17,"minecraft:deepslate_lapis_ore":3,"minecraft:azure_bluet":1,"create:asurine":8,"minecraft:deepslate_redstone_ore":23,"minecraft:brown_mushroom":30,"minecraft:blackstone":85,"farmersdelight:organic_compost":9,"minecraft:torch":2,"minecraft:calcite":4,"minecraft:poppy":1,"destroy:deepslate_nickel_ore":18,"minecraft:chest":3,"farmersdelight:brown_mushroom_colony":10,"minecraft:mushroom_stem":65,"minecraft:cobblestone":25,"minecraft:sugar_cane":10,"minecraft:wall_torch":2,"travelersbackpack:diamond":10,"minecraft:birch_log":9,"minecraft:grass":51,"minecraft:oak_log":27,"minecraft:sand":35,"minecraft:dirt":2,"minecraft:smooth_basalt":19,"minecraft:red_mushroom_block":308,"minecraft:stonecutter":1,"minecraft:oak_leaves":211,"minecraft:deepslate":26,"minecraft:yellow_terracotta":1,"the_deep_void:pile_of_bones":1,"create:zinc_ore":33,"minecraft:dark_oak_leaves":49,"minecraft:deepslate_diamond_ore":47,"minecraft:dark_oak_log":36,"minecraft:decorated_pot":1,"create:ochrum":32,"minecraft:redstone_wire":1,"minecraft:brown_mushroom_block":69,"travelersbackpack:white_sleeping_bag":6,"minecraft:spruce_leaves":1,"minecraft:large_fern":2,"minecraft:hay_block":37,"the_deep_void:bone_marrow":1,"farmersdelight:wild_onions":7,"minecraft:furnace":4,"destroy:deepslate_fluorite_ore":18,"minecraft:polished_basalt":4,"minecraft:andesite":19,"minecraft:bookshelf":20,"minecraft:deepslate_iron_ore":27,"destroy:nickel_ore":28,"minecraft:stone":71,"ad_astra:sky_stone":32,"minecraft:bone_block":1,"minecraft:podzol":1,"minecraft:soul_sand":4,"minecraft:basalt":40,"minecraft:dandelion":73,"travelersbackpack:standard":3,"minecraft:crafting_table":6,"minecraft:tall_grass":23,"minecraft:deepslate_coal_ore":2,"minecraft:deepslate_gold_ore":14,"minecraft:cactus":4,"minecraft:sweet_berry_bush":14,"minecraft:birch_leaves":2,"minecraft:yellow_bed":1,"minecraft:coal_ore":174,"minecraft:gravel":6,"minecraft:cobweb":3},"minecraft:crafted":{"minecraft:oak_planks":72,"travelersbackpack:crafting_upgrade":2,"minecraft:cooked_chicken":4,"travelersbackpack:hose_nozzle":1,"travelersbackpack:diamond":5,"minecraft:cooked_mutton":3,"minecraft:suspicious_stew":26,"minecraft:glass":62,"minecraft:chest":3,"minecraft:oak_slab":12,"travelersbackpack:iron_tier_upgrade":2,"minecraft:cooked_porkchop":14,"minecraft:crafting_table":3,"minecraft:wooden_pickaxe":1,"travelersbackpack:standard":1,"minecraft:smithing_table":1,"minecraft:birch_planks":28,"minecraft:diamond_pickaxe":1,"minecraft:shield":1,"naturescompass:naturescompass":1,"minecraft:stick":104,"minecraft:iron_ingot":88,"minecraft:compass":1,"minecraft:iron_pickaxe":4,"minecraft:gold_ingot":14,"minecraft:composter":1,"minecraft:shears":1,"minecraft:wooden_sword":1,"minecraft:coal":171,"minecraft:furnace":3,"minecraft:mushroom_stew":2,"minecraft:bone_meal":12,"travelersbackpack:blank_upgrade":8,"travelersbackpack:gold_tier_upgrade":2,"travelersbackpack:white_sleeping_bag":1,"minecraft:iron_axe":3,"minecraft:stone_pickaxe":1,"minecraft:dark_oak_planks":36,"travelersbackpack:diamond_tier_upgrade":2,"minecraft:wheat":333,"minecraft:cooked_beef":8,"minecraft:coal_block":29,"travelersbackpack:backpack_tank":6,"minecraft:iron_sword":1,"minecraft:bowl":8,"minecraft:bucket":1,"minecraft:stone_axe":1,"minecraft:bread":111,"minecraft:air":0,"minecraft:wooden_axe":1,"farmersdelight:diamond_knife":1,"minecraft:torch":412},"minecraft:killed_by":{"minecraft:creeper":2,"minecraft:pillager":2,"minecraft:zombie":1,"the_deep_void:lurker":1,"minecraft:player":1,"the_deep_void:bone_crawler":1,"the_deep_void:stalker":1,"alexsmobs:centipede_head":1,"minecraft:skeleton":5},"minecraft:dropped":{"minecraft:crafting_table":1,"minecraft:cooked_porkchop":7,"minecraft:leather":7,"travelersbackpack:iron_tier_upgrade":1,"travelersbackpack:standard":1,"minecraft:dirt":1,"minecraft:gilded_blackstone":39,"minecraft:dark_oak_planks":32,"minecraft:gravel":1,"minecraft:stone_axe":1,"minecraft:blackstone":8,"minecraft:cobbled_deepslate":2,"minecraft:rotten_flesh":9,"minecraft:oak_planks":8,"minecraft:cooked_mutton":3,"travelersbackpack:gold_tier_upgrade":1,"minecraft:glass":15,"minecraft:iron_ingot":5,"minecraft:bread":17,"minecraft:oak_slab":5,"minecraft:wheat_seeds":2,"minecraft:cobblestone":4,"minecraft:coal":11,"minecraft:coal_block":23,"minecraft:stick":2,"minecraft:wooden_axe":1,"minecraft:white_banner":1,"minecraft:sweet_berries":11,"travelersbackpack:diamond_tier_upgrade":1,"alexsmobs:cockroach_wing_fragment":1,"minecraft:bundle":1,"minecraft:andesite":4,"travelersbackpack:crafting_upgrade":1,"minecraft:stone_pickaxe":1,"minecraft:wooden_pickaxe":1},"minecraft:broken":{"minecraft:wooden_sword":1,"minecraft:stone_axe":1,"minecraft:iron_sword":1,"minecraft:shield":1,"minecraft:iron_axe":2,"minecraft:iron_pickaxe":4},"minecraft:used":{"minecraft:chest":2,"minecraft:shield":51,"minecraft:iron_sword":266,"travelersbackpack:diamond":10,"minecraft:rotten_flesh":3,"minecraft:sweet_berries":17,"minecraft:furnace":6,"minecraft:oak_sapling":21,"minecraft:egg":1,"minecraft:stone_pickaxe":64,"minecraft:cactus":1,"minecraft:blackstone":24,"minecraft:wooden_pickaxe":15,"minecraft:composter":1,"farmersdelight:organic_compost":9,"minecraft:oak_leaves":110,"minecraft:sand":1,"minecraft:mushroom_stew":2,"minecraft:shears":110,"waystones:waystone":5,"minecraft:bread":32,"tombstone:grave_key":2,"minecraft:wooden_sword":44,"minecraft:smithing_table":1,"minecraft:birch_log":2,"minecraft:andesite":2,"minecraft:bone_meal":14,"farmersdelight:diamond_knife":59,"minecraft:redstone":3,"minecraft:cooked_chicken":4,"minecraft:torch":326,"minecraft:dirt":4,"minecraft:wooden_axe":4,"minecraft:dark_oak_planks":8,"minecraft:iron_axe":571,"minecraft:basalt":11,"tombstone:gift":5,"minecraft:cooked_beef":8,"minecraft:cobbled_deepslate":6,"minecraft:cooked_mutton":2,"minecraft:water_bucket":45,"minecraft:brown_mushroom":16,"minecraft:crafting_table":7,"minecraft:red_mushroom":5,"tombstone:bag_of_seeds":2,"minecraft:oak_log":9,"minecraft:diamond_pickaxe":20,"minecraft:suspicious_stew":26,"minecraft:iron_pickaxe":1011,"travelersbackpack:white_sleeping_bag":1,"ad_astra:sky_stone":8,"minecraft:stone_axe":121,"minecraft:cobblestone":38,"travelersbackpack:standard":1,"minecraft:cooked_porkchop":7,"minecraft:bucket":46,"minecraft:yellow_bed":1,"alexsmobs:animal_dictionary":1},"minecraft:custom":{"minecraft:interact_with_crafting_table":63,"minecraft:leave_game":14,"minecraft:time_since_death":43745,"minecraft:damage_resisted":2060,"minecraft:sprint_one_cm":886703,"minecraft:damage_blocked_by_shield":2730,"minecraft:drop":55,"minecraft:play_time":447012,"minecraft:deaths":16,"minecraft:jump":6911,"minecraft:walk_on_water_one_cm":70940,"minecraft:interact_with_furnace":133,"minecraft:sleep_in_bed":15,"minecraft:waystone_activated":5,"minecraft:damage_dealt":19312,"minecraft:player_kills":1,"minecraft:crouch_one_cm":33584,"tombstone:undead_killed":47,"minecraft:interact_with_smithing_table":5,"minecraft:mob_kills":121,"minecraft:climb_one_cm":5462,"minecraft:walk_one_cm":796615,"minecraft:sneak_time":15051,"minecraft:walk_under_water_one_cm":63679,"minecraft:total_world_time":447012,"tombstone:raider_killed":3,"minecraft:time_since_rest":10820,"minecraft:damage_taken":12426,"minecraft:swim_one_cm":164612,"minecraft:fly_one_cm":1561597,"minecraft:open_chest":108,"minecraft:fall_one_cm":248293},"minecraft:killed":{"minecraft:spider":9,"minecraft:skeleton":13,"minecraft:chicken":5,"minecraft:pig":6,"minecraft:creeper":4,"minecraft:sheep":2,"minecraft:pillager":3,"minecraft:zombie":30,"the_deep_void:bone_crawler":2,"alexsmobs:terrapin":1,"minecraft:cow":19,"mca:female_zombie_villager":3,"mca:male_zombie_villager":1,"alexsmobs:raccoon":1,"alexsmobs:tasmanian_devil":2,"minecraft:slime":1,"alexsmobs:bison":5,"alexsmobs:guster":5,"alexsmobs:emu":1,"alexsmobs:cockroach":1,"alexsmobs:gazelle":1,"alexsmobs:crow":1},"minecraft:picked_up":{"minecraft:enchanted_book":1,"minecraft:gilded_blackstone":78,"minecraft:brewing_stand":2,"minecraft:string":9,"minecraft:soul_soil":5,"travelersbackpack:diamond":10,"alexsmobs:emu_feather":1,"minecraft:red_sand":1,"minecraft:gold_nugget":5,"minecraft:cobbled_deepslate":28,"minecraft:calcite":4,"minecraft:iron_pickaxe":1,"minecraft:coal_block":95,"minecraft:furnace":4,"minecraft:stick":40,"minecraft:torch":39,"minecraft:porkchop":14,"tombstone:grave_dust":4,"minecraft:pointed_dripstone":1,"destroy:raw_nickel":46,"minecraft:cactus":7,"minecraft:rotten_flesh":23,"farmersdelight:onion":7,"create:ochrum":33,"minecraft:polished_basalt":4,"create:asurine":8,"alexsmobs:emu_egg":2,"minecraft:cobblestone":94,"minecraft:birch_log":9,"minecraft:magma_block":89,"minecraft:feather":10,"minecraft:andesite":24,"minecraft:acacia_leaves":1,"alexsmobs:bison_fur":3,"create:raw_zinc":46,"alexsmobs:rocky_shell":1,"minecraft:lapis_lazuli":19,"minecraft:dirt":18,"minecraft:glass":3,"minecraft:bone":12,"minecraft:stonecutter":1,"minecraft:wheat_seeds":27,"minecraft:raw_gold":14,"minecraft:oak_planks":8,"minecraft:sand":36,"minecraft:dark_oak_log":36,"travelersbackpack:white_sleeping_bag":1,"minecraft:bundle":1,"minecraft:diamond":47,"waystones:waystone":5,"minecraft:miner_pottery_sherd":1,"minecraft:crossbow":1,"minecraft:bone_meal":6,"minecraft:plenty_pottery_sherd":1,"minecraft:oak_sapling":53,"minecraft:oak_leaves":110,"minecraft:crafting_table":7,"minecraft:allium":12,"minecraft:azure_bluet":1,"minecraft:chicken":5,"minecraft:brown_mushroom":136,"ad_astra:sky_stone":31,"minecraft:blackstone":104,"minecraft:beef":76,"minecraft:poppy":1,"minecraft:sugar_cane":17,"minecraft:chest":3,"minecraft:egg":6,"minecraft:dark_oak_sapling":6,"minecraft:raw_iron":82,"minecraft:bowl":6,"minecraft:redstone":104,"minecraft:dark_oak_planks":40,"minecraft:arrow":15,"destroy:fluorite":26,"minecraft:hay_block":37,"minecraft:yellow_terracotta":1,"minecraft:mutton":4,"minecraft:bone_block":1,"minecraft:white_wool":4,"minecraft:heartbreak_pottery_sherd":1,"farmersdelight:rich_soil":2,"minecraft:basalt":40,"minecraft:leather":31,"minecraft:red_mushroom":130,"minecraft:oak_log":86,"minecraft:gunpowder":8,"minecraft:yellow_bed":1,"tombstone:gift":2,"minecraft:white_banner":1,"farmersdelight:organic_compost":9,"minecraft:cooked_mutton":2,"minecraft:apple":7,"alexsmobs:cockroach_wing_fragment":1,"minecraft:blade_pottery_sherd":1,"tombstone:bag_of_seeds":1,"minecraft:flowering_azalea":1,"minecraft:soul_sand":4,"minecraft:book":60,"minecraft:oak_slab":5,"minecraft:smooth_basalt":7,"minecraft:pumpkin":16,"minecraft:sweet_berries":40,"minecraft:dandelion":77,"minecraft:gravel":7,"minecraft:spider_eye":2,"travelersbackpack:standard":4,"minecraft:slime_ball":2,"minecraft:stone_axe":1,"tombstone:magic_scroll":1,"minecraft:coal":219}},"DataVersion":3465}