{"stats":{"minecraft:crafted":{"minecraft:oak_planks":72,"travelersbackpack:crafting_upgrade":2,"minecraft:cooked_chicken":4,"travelersbackpack:hose_nozzle":1,"travelersbackpack:diamond":5,"minecraft:cooked_mutton":3,"minecraft:suspicious_stew":26,"minecraft:glass":62,"minecraft:chest":3,"minecraft:oak_slab":12,"travelersbackpack:iron_tier_upgrade":2,"minecraft:cooked_porkchop":14,"minecraft:crafting_table":3,"minecraft:wooden_pickaxe":1,"travelersbackpack:standard":1,"minecraft:smithing_table":1,"minecraft:birch_planks":28,"minecraft:diamond_pickaxe":1,"minecraft:shield":1,"naturescompass:naturescompass":1,"minecraft:stick":104,"minecraft:iron_ingot":88,"minecraft:iron_pickaxe":4,"minecraft:compass":1,"minecraft:gold_ingot":14,"minecraft:composter":1,"minecraft:shears":1,"minecraft:wooden_sword":1,"minecraft:coal":171,"minecraft:furnace":3,"minecraft:mushroom_stew":2,"minecraft:bone_meal":24,"travelersbackpack:blank_upgrade":8,"travelersbackpack:gold_tier_upgrade":2,"travelersbackpack:white_sleeping_bag":1,"minecraft:iron_axe":3,"minecraft:stone_pickaxe":1,"minecraft:dark_oak_planks":36,"travelersbackpack:diamond_tier_upgrade":2,"minecraft:wheat":333,"minecraft:cooked_beef":8,"minecraft:coal_block":29,"travelersbackpack:backpack_tank":6,"minecraft:iron_sword":1,"minecraft:bowl":8,"minecraft:bucket":1,"minecraft:stone_axe":1,"minecraft:bread":111,"minecraft:air":0,"minecraft:wooden_axe":1,"farmersdelight:diamond_knife":1,"minecraft:torch":412},"minecraft:dropped":{"minecraft:crafting_table":1,"minecraft:cooked_porkchop":7,"minecraft:leather":7,"travelersbackpack:iron_tier_upgrade":1,"travelersbackpack:standard":1,"minecraft:dirt":1,"minecraft:gilded_blackstone":39,"minecraft:dark_oak_planks":32,"minecraft:gravel":1,"minecraft:stone_axe":1,"minecraft:blackstone":8,"minecraft:cobbled_deepslate":2,"minecraft:rotten_flesh":9,"minecraft:oak_planks":8,"minecraft:cooked_mutton":3,"travelersbackpack:gold_tier_upgrade":1,"minecraft:glass":15,"minecraft:iron_ingot":5,"minecraft:bread":17,"minecraft:oak_slab":5,"minecraft:wheat_seeds":2,"minecraft:cobblestone":4,"minecraft:coal":11,"minecraft:coal_block":23,"minecraft:stick":2,"minecraft:wooden_axe":1,"minecraft:white_banner":1,"minecraft:sweet_berries":11,"travelersbackpack:diamond_tier_upgrade":1,"alexsmobs:cockroach_wing_fragment":1,"minecraft:bundle":1,"minecraft:andesite":4,"travelersbackpack:crafting_upgrade":1,"minecraft:stone_pickaxe":1,"minecraft:wooden_pickaxe":1},"minecraft:mined":{"minecraft:dark_oak_planks":8,"create:deepslate_zinc_ore":61,"farmersdelight:rich_soil":2,"destroy:fluorite_ore":9,"minecraft:brewing_stand":2,"minecraft:red_sand":1,"minecraft:grass_block":18,"minecraft:soul_soil":5,"minecraft:coal_block":72,"minecraft:gilded_blackstone":42,"minecraft:magma_block":94,"minecraft:iron_ore":56,"minecraft:cobbled_deepslate":4,"minecraft:fire":25,"minecraft:pumpkin":17,"minecraft:deepslate_lapis_ore":3,"minecraft:azure_bluet":1,"create:asurine":8,"minecraft:deepslate_redstone_ore":48,"minecraft:brown_mushroom":30,"minecraft:blackstone":113,"farmersdelight:organic_compost":9,"minecraft:torch":8,"minecraft:calcite":4,"minecraft:poppy":1,"destroy:deepslate_nickel_ore":27,"minecraft:chest":3,"farmersdelight:brown_mushroom_colony":10,"minecraft:mushroom_stem":65,"minecraft:cobblestone":25,"minecraft:sugar_cane":10,"minecraft:wall_torch":2,"travelersbackpack:diamond":16,"minecraft:birch_log":9,"minecraft:grass":51,"minecraft:oak_log":27,"minecraft:sand":35,"minecraft:dirt":2,"minecraft:smooth_basalt":26,"minecraft:red_mushroom_block":308,"minecraft:stonecutter":1,"minecraft:oak_leaves":211,"minecraft:deepslate":33,"minecraft:yellow_terracotta":1,"the_deep_void:pile_of_bones":1,"create:zinc_ore":33,"minecraft:dark_oak_leaves":49,"minecraft:deepslate_diamond_ore":50,"minecraft:dark_oak_log":36,"minecraft:decorated_pot":1,"create:ochrum":32,"minecraft:redstone_wire":1,"minecraft:brown_mushroom_block":69,"travelersbackpack:white_sleeping_bag":8,"minecraft:spruce_leaves":1,"minecraft:large_fern":2,"minecraft:hay_block":37,"farmersdelight:wild_onions":7,"the_deep_void:bone_marrow":1,"minecraft:furnace":4,"destroy:deepslate_fluorite_ore":20,"minecraft:polished_basalt":4,"minecraft:andesite":19,"minecraft:bookshelf":20,"minecraft:deepslate_iron_ore":47,"destroy:nickel_ore":28,"minecraft:stone":81,"ad_astra:sky_stone":32,"minecraft:bone_block":1,"minecraft:podzol":1,"minecraft:soul_sand":4,"minecraft:basalt":40,"minecraft:dandelion":73,"travelersbackpack:standard":3,"minecraft:crafting_table":6,"minecraft:tall_grass":23,"minecraft:deepslate_coal_ore":2,"minecraft:deepslate_gold_ore":48,"minecraft:cactus":4,"minecraft:sweet_berry_bush":14,"minecraft:birch_leaves":2,"minecraft:yellow_bed":1,"minecraft:coal_ore":174,"minecraft:dripstone_block":3,"minecraft:gravel":6,"minecraft:cobweb":3},"minecraft:used":{"minecraft:chest":2,"minecraft:shield":51,"minecraft:iron_sword":266,"travelersbackpack:diamond":14,"minecraft:rotten_flesh":3,"minecraft:sweet_berries":17,"minecraft:furnace":6,"minecraft:oak_sapling":21,"minecraft:egg":1,"minecraft:stone_pickaxe":64,"minecraft:cactus":1,"minecraft:blackstone":24,"minecraft:wooden_pickaxe":15,"minecraft:composter":1,"farmersdelight:organic_compost":9,"minecraft:oak_leaves":110,"minecraft:sand":1,"minecraft:mushroom_stew":2,"minecraft:shears":110,"waystones:waystone":5,"minecraft:bread":49,"tombstone:grave_key":2,"minecraft:wooden_sword":44,"minecraft:smithing_table":1,"minecraft:andesite":2,"minecraft:birch_log":2,"minecraft:bone_meal":14,"farmersdelight:diamond_knife":59,"minecraft:redstone":3,"minecraft:cooked_chicken":4,"minecraft:torch":438,"minecraft:dirt":4,"minecraft:dark_oak_planks":8,"minecraft:wooden_axe":4,"minecraft:iron_axe":634,"minecraft:basalt":11,"tombstone:gift":6,"minecraft:cooked_beef":8,"minecraft:cobbled_deepslate":6,"minecraft:cooked_mutton":2,"minecraft:water_bucket":49,"minecraft:brown_mushroom":16,"minecraft:crafting_table":7,"minecraft:red_mushroom":5,"minecraft:oak_log":9,"tombstone:bag_of_seeds":2,"minecraft:diamond_pickaxe":226,"minecraft:iron_pickaxe":1011,"minecraft:suspicious_stew":26,"travelersbackpack:white_sleeping_bag":1,"ad_astra:sky_stone":8,"minecraft:stone_axe":121,"minecraft:cobblestone":38,"travelersbackpack:standard":1,"minecraft:cooked_porkchop":7,"minecraft:bucket":50,"minecraft:yellow_bed":1,"alexsmobs:animal_dictionary":1},"minecraft:picked_up":{"minecraft:oak_stairs":1,"minecraft:enchanted_book":1,"minecraft:gilded_blackstone":78,"minecraft:brewing_stand":2,"minecraft:string":15,"minecraft:soul_soil":5,"travelersbackpack:diamond":16,"alexsmobs:emu_feather":1,"minecraft:red_sand":1,"minecraft:gold_nugget":5,"minecraft:cobbled_deepslate":40,"minecraft:calcite":4,"minecraft:iron_pickaxe":1,"minecraft:coal_block":95,"minecraft:furnace":4,"minecraft:stick":40,"minecraft:torch":50,"minecraft:porkchop":14,"minecraft:pointed_dripstone":1,"tombstone:grave_dust":6,"destroy:raw_nickel":55,"minecraft:cactus":7,"minecraft:rotten_flesh":29,"farmersdelight:onion":7,"create:ochrum":33,"minecraft:polished_basalt":4,"create:asurine":8,"alexsmobs:emu_egg":2,"minecraft:cobblestone":104,"minecraft:birch_log":9,"minecraft:magma_block":89,"minecraft:feather":10,"minecraft:andesite":24,"minecraft:acacia_leaves":1,"alexsmobs:bison_fur":3,"create:raw_zinc":93,"alexsmobs:rocky_shell":1,"minecraft:lapis_lazuli":19,"minecraft:dirt":18,"minecraft:glass":3,"minecraft:bone":14,"minecraft:stonecutter":1,"minecraft:wheat_seeds":27,"minecraft:raw_gold":48,"minecraft:oak_planks":8,"minecraft:sand":36,"minecraft:dark_oak_log":36,"travelersbackpack:white_sleeping_bag":1,"minecraft:bundle":2,"minecraft:diamond":50,"waystones:waystone":5,"minecraft:miner_pottery_sherd":1,"minecraft:crossbow":1,"minecraft:bone_meal":6,"minecraft:plenty_pottery_sherd":1,"minecraft:oak_sapling":53,"minecraft:oak_leaves":110,"minecraft:crafting_table":7,"minecraft:allium":12,"minecraft:azure_bluet":1,"minecraft:chicken":5,"minecraft:brown_mushroom":136,"ad_astra:sky_stone":31,"minecraft:blackstone":127,"minecraft:beef":76,"minecraft:poppy":1,"minecraft:sugar_cane":17,"minecraft:chest":3,"minecraft:egg":6,"minecraft:dark_oak_sapling":6,"minecraft:raw_iron":103,"minecraft:bowl":6,"minecraft:redstone":202,"minecraft:dark_oak_planks":40,"minecraft:arrow":15,"destroy:fluorite":28,"minecraft:hay_block":37,"minecraft:yellow_terracotta":1,"minecraft:mutton":6,"minecraft:white_wool":5,"minecraft:bone_block":1,"minecraft:heartbreak_pottery_sherd":1,"farmersdelight:rich_soil":2,"minecraft:basalt":40,"minecraft:glow_ink_sac":8,"minecraft:leather":31,"minecraft:red_mushroom":130,"minecraft:oak_log":86,"minecraft:yellow_bed":1,"minecraft:gunpowder":12,"minecraft:white_banner":1,"tombstone:gift":2,"minecraft:cooked_mutton":2,"farmersdelight:organic_compost":9,"minecraft:apple":7,"alexsmobs:cockroach_wing_fragment":1,"minecraft:iron_ingot":1,"minecraft:blade_pottery_sherd":1,"tombstone:bag_of_seeds":1,"minecraft:soul_sand":4,"minecraft:flowering_azalea":1,"minecraft:book":60,"minecraft:oak_slab":5,"minecraft:smooth_basalt":14,"minecraft:pumpkin":16,"minecraft:sweet_berries":40,"minecraft:dandelion":77,"minecraft:dripstone_block":3,"minecraft:gravel":7,"minecraft:spider_eye":5,"travelersbackpack:standard":4,"minecraft:slime_ball":14,"minecraft:stone_axe":1,"tombstone:magic_scroll":1,"minecraft:coal":219},"minecraft:broken":{"minecraft:wooden_sword":1,"minecraft:stone_axe":1,"minecraft:iron_sword":1,"minecraft:shield":1,"minecraft:iron_axe":2,"minecraft:iron_pickaxe":4},"minecraft:killed":{"minecraft:spider":13,"minecraft:skeleton":14,"minecraft:chicken":5,"minecraft:pig":6,"minecraft:creeper":4,"minecraft:sheep":3,"minecraft:pillager":3,"minecraft:zombie":35,"the_deep_void:bone_crawler":2,"the_deep_void:abductor":1,"alexsmobs:terrapin":1,"minecraft:glow_squid":4,"minecraft:cow":19,"mca:female_zombie_villager":3,"mca:male_zombie_villager":1,"alexsmobs:raccoon":1,"alexsmobs:tasmanian_devil":2,"minecraft:slime":10,"alexsmobs:bison":5,"alexsmobs:guster":5,"alexsmobs:emu":1,"alexsmobs:cockroach":1,"alexsmobs:gazelle":1,"alexsmobs:crow":1},"minecraft:killed_by":{"minecraft:creeper":4,"minecraft:pillager":2,"minecraft:zombie":1,"the_deep_void:lurker":1,"minecraft:player":1,"the_deep_void:bone_crawler":1,"minecraft:spider":1,"the_deep_void:stalker":1,"alexsmobs:centipede_head":1,"minecraft:skeleton":6},"minecraft:custom":{"minecraft:interact_with_crafting_table":63,"minecraft:leave_game":15,"minecraft:time_since_death":4492,"minecraft:damage_resisted":2060,"minecraft:sprint_one_cm":1026979,"minecraft:damage_blocked_by_shield":2730,"minecraft:drop":55,"minecraft:play_time":506746,"minecraft:deaths":20,"minecraft:jump":7858,"minecraft:walk_on_water_one_cm":87583,"minecraft:interact_with_furnace":133,"minecraft:sleep_in_bed":18,"minecraft:waystone_activated":5,"minecraft:damage_dealt":22747,"minecraft:player_kills":1,"minecraft:crouch_one_cm":39566,"tombstone:undead_killed":54,"minecraft:interact_with_smithing_table":5,"minecraft:mob_kills":147,"minecraft:climb_one_cm":5618,"minecraft:walk_one_cm":896839,"minecraft:sneak_time":17426,"minecraft:walk_under_water_one_cm":73576,"minecraft:total_world_time":506746,"tombstone:raider_killed":3,"minecraft:time_since_rest":1607,"minecraft:damage_taken":14008,"minecraft:swim_one_cm":176645,"minecraft:fly_one_cm":1772920,"minecraft:open_chest":113,"minecraft:fall_one_cm":271944}},"DataVersion":3465}