{"stats":{"minecraft:used":{"minecraft:wooden_axe":15,"minecraft:wooden_sword":2,"minecraft:crafting_table":1,"alexsmobs:animal_dictionary":1},"minecraft:crafted":{"minecraft:wooden_sword":1,"minecraft:crafting_table":1,"minecraft:spruce_planks":28,"minecraft:stick":20,"minecraft:wooden_pickaxe":1,"minecraft:wooden_axe":1},"minecraft:killed":{"minecraft:zombie":1},"minecraft:mined":{"minecraft:grass_block":1,"minecraft:dirt":1,"minecraft:spruce_leaves":5,"minecraft:spruce_log":16,"minecraft:crafting_table":1},"minecraft:picked_up":{"minecraft:stick":2,"minecraft:crafting_table":1,"minecraft:rotten_flesh":1,"minecraft:spruce_log":17,"minecraft:dirt":2},"minecraft:custom":{"minecraft:time_since_rest":8362,"minecraft:sprint_one_cm":10439,"minecraft:play_time":8362,"minecraft:damage_taken":200,"minecraft:walk_one_cm":15776,"minecraft:mob_kills":1,"minecraft:jump":42,"minecraft:damage_dealt":210,"minecraft:walk_on_water_one_cm":73,"minecraft:time_since_death":8362,"minecraft:leave_game":2,"minecraft:total_world_time":8362,"minecraft:fall_one_cm":962,"minecraft:interact_with_crafting_table":1,"minecraft:fly_one_cm":5776}},"DataVersion":3465}