{"stats":{"minecraft:mined":{"create:zinc_ore":32,"create:deepslate_zinc_ore":13,"farmersdelight:rich_soil":2,"minecraft:dark_oak_leaves":49,"minecraft:deepslate_diamond_ore":43,"minecraft:dark_oak_log":36,"destroy:fluorite_ore":9,"minecraft:brewing_stand":2,"minecraft:grass_block":16,"create:ochrum":32,"minecraft:brown_mushroom_block":45,"minecraft:soul_soil":5,"minecraft:coal_block":72,"travelersbackpack:white_sleeping_bag":2,"minecraft:spruce_leaves":1,"minecraft:large_fern":2,"minecraft:hay_block":15,"minecraft:magma_block":20,"minecraft:furnace":2,"destroy:deepslate_fluorite_ore":18,"minecraft:iron_ore":14,"minecraft:polished_basalt":4,"minecraft:cobbled_deepslate":3,"minecraft:fire":13,"minecraft:pumpkin":17,"minecraft:deepslate_lapis_ore":3,"create:asurine":8,"minecraft:bookshelf":20,"destroy:nickel_ore":28,"minecraft:deepslate_iron_ore":14,"minecraft:stone":56,"ad_astra:sky_stone":21,"minecraft:podzol":1,"minecraft:deepslate_redstone_ore":9,"minecraft:brown_mushroom":25,"minecraft:soul_sand":4,"minecraft:blackstone":82,"farmersdelight:organic_compost":9,"minecraft:basalt":15,"minecraft:dandelion":15,"travelersbackpack:standard":3,"minecraft:crafting_table":6,"minecraft:torch":1,"minecraft:calcite":4,"destroy:deepslate_nickel_ore":18,"minecraft:chest":2,"farmersdelight:brown_mushroom_colony":1,"minecraft:mushroom_stem":58,"minecraft:tall_grass":20,"minecraft:cobblestone":25,"minecraft:deepslate_coal_ore":2,"minecraft:deepslate_gold_ore":14,"minecraft:wall_torch":2,"travelersbackpack:diamond":1,"minecraft:birch_log":9,"minecraft:sweet_berry_bush":10,"minecraft:birch_leaves":2,"minecraft:yellow_bed":1,"minecraft:grass":30,"minecraft:oak_log":27,"minecraft:coal_ore":136,"minecraft:gravel":4,"minecraft:dirt":2,"minecraft:cobweb":3,"minecraft:smooth_basalt":17,"minecraft:red_mushroom_block":304,"minecraft:stonecutter":1,"minecraft:oak_leaves":183,"minecraft:deepslate":17},"minecraft:crafted":{"minecraft:wooden_sword":1,"minecraft:oak_planks":72,"minecraft:coal":144,"minecraft:cooked_chicken":4,"minecraft:furnace":3,"minecraft:mushroom_stew":2,"minecraft:bone_meal":12,"travelersbackpack:diamond":1,"minecraft:cooked_mutton":3,"minecraft:suspicious_stew":2,"minecraft:glass":27,"travelersbackpack:white_sleeping_bag":1,"minecraft:iron_axe":2,"minecraft:stone_pickaxe":1,"minecraft:chest":2,"minecraft:wheat":135,"minecraft:cooked_beef":8,"minecraft:coal_block":29,"minecraft:oak_slab":12,"minecraft:cooked_porkchop":14,"minecraft:crafting_table":3,"travelersbackpack:backpack_tank":2,"minecraft:wooden_pickaxe":1,"travelersbackpack:standard":1,"minecraft:iron_sword":1,"minecraft:bowl":8,"minecraft:bucket":1,"minecraft:birch_planks":28,"minecraft:stone_axe":1,"minecraft:air":0,"minecraft:bread":45,"minecraft:diamond_pickaxe":1,"minecraft:shield":1,"minecraft:stick":60,"minecraft:iron_ingot":31,"minecraft:iron_pickaxe":4,"minecraft:wooden_axe":1,"minecraft:composter":1,"minecraft:torch":184,"minecraft:shears":1},"minecraft:killed_by":{"minecraft:player":1,"minecraft:creeper":1,"minecraft:pillager":2,"alexsmobs:centipede_head":1,"minecraft:skeleton":4,"minecraft:zombie":1},"minecraft:dropped":{"minecraft:iron_ingot":5,"minecraft:bread":17,"minecraft:wheat_seeds":2,"minecraft:cooked_porkchop":7,"minecraft:cobblestone":3,"travelersbackpack:standard":1,"minecraft:coal":11,"minecraft:stick":2,"minecraft:dirt":1,"minecraft:wooden_axe":1,"minecraft:stone_axe":1,"minecraft:blackstone":1,"minecraft:cobbled_deepslate":2,"minecraft:rotten_flesh":9,"minecraft:cooked_mutton":3,"alexsmobs:cockroach_wing_fragment":1,"minecraft:glass":15,"minecraft:stone_pickaxe":1,"minecraft:wooden_pickaxe":1},"minecraft:broken":{"minecraft:iron_axe":1,"minecraft:wooden_sword":1,"minecraft:stone_axe":1,"minecraft:iron_pickaxe":2},"minecraft:used":{"minecraft:chest":2,"minecraft:shield":36,"minecraft:iron_sword":134,"minecraft:cooked_chicken":4,"minecraft:rotten_flesh":3,"minecraft:torch":161,"minecraft:dirt":4,"minecraft:wooden_axe":4,"minecraft:iron_axe":450,"minecraft:sweet_berries":17,"minecraft:furnace":4,"tombstone:gift":5,"minecraft:egg":1,"minecraft:cooked_beef":8,"minecraft:cobbled_deepslate":6,"minecraft:cooked_mutton":2,"minecraft:water_bucket":16,"minecraft:stone_pickaxe":64,"minecraft:blackstone":24,"minecraft:wooden_pickaxe":15,"minecraft:brown_mushroom":6,"minecraft:composter":1,"farmersdelight:organic_compost":9,"minecraft:oak_leaves":110,"minecraft:mushroom_stew":2,"minecraft:crafting_table":7,"minecraft:red_mushroom":5,"minecraft:shears":110,"minecraft:oak_log":9,"waystones:waystone":3,"minecraft:diamond_pickaxe":1,"minecraft:bread":28,"minecraft:iron_pickaxe":706,"minecraft:suspicious_stew":2,"travelersbackpack:white_sleeping_bag":1,"tombstone:grave_key":1,"ad_astra:sky_stone":8,"minecraft:stone_axe":121,"minecraft:wooden_sword":44,"minecraft:cobblestone":33,"travelersbackpack:standard":1,"minecraft:cooked_porkchop":1,"minecraft:bucket":17,"minecraft:birch_log":2,"minecraft:yellow_bed":1,"alexsmobs:animal_dictionary":1,"minecraft:bone_meal":14},"minecraft:custom":{"minecraft:mob_kills":59,"minecraft:interact_with_crafting_table":43,"minecraft:leave_game":12,"minecraft:time_since_death":2777,"minecraft:climb_one_cm":5462,"minecraft:sprint_one_cm":443127,"minecraft:walk_one_cm":512308,"minecraft:damage_blocked_by_shield":2145,"minecraft:drop":21,"minecraft:play_time":283955,"minecraft:deaths":10,"minecraft:sneak_time":8315,"minecraft:walk_under_water_one_cm":45979,"minecraft:jump":3311,"minecraft:walk_on_water_one_cm":52381,"minecraft:total_world_time":283955,"minecraft:interact_with_furnace":67,"tombstone:raider_killed":3,"minecraft:sleep_in_bed":8,"minecraft:time_since_rest":1614,"minecraft:waystone_activated":3,"minecraft:damage_taken":5701,"minecraft:damage_dealt":9377,"minecraft:player_kills":1,"minecraft:swim_one_cm":68056,"minecraft:fly_one_cm":650441,"minecraft:open_chest":55,"minecraft:crouch_one_cm":21137,"tombstone:undead_killed":23,"minecraft:fall_one_cm":80229},"minecraft:killed":{"mca:female_zombie_villager":1,"alexsmobs:raccoon":1,"minecraft:spider":6,"minecraft:slime":1,"minecraft:skeleton":10,"minecraft:chicken":4,"alexsmobs:bison":2,"minecraft:pig":6,"minecraft:creeper":2,"minecraft:sheep":2,"minecraft:pillager":3,"minecraft:zombie":12,"alexsmobs:cockroach":1,"alexsmobs:terrapin":1,"minecraft:cow":7},"minecraft:picked_up":{"minecraft:crafting_table":6,"minecraft:chicken":4,"minecraft:brown_mushroom":78,"minecraft:enchanted_book":1,"minecraft:brewing_stand":2,"ad_astra:sky_stone":21,"minecraft:string":7,"travelersbackpack:diamond":1,"minecraft:soul_soil":5,"minecraft:blackstone":90,"minecraft:cobbled_deepslate":20,"minecraft:beef":30,"minecraft:calcite":4,"minecraft:iron_pickaxe":1,"minecraft:coal_block":72,"minecraft:chest":2,"minecraft:furnace":2,"minecraft:egg":6,"minecraft:dark_oak_sapling":6,"minecraft:stick":24,"minecraft:raw_iron":29,"minecraft:torch":33,"minecraft:porkchop":14,"tombstone:grave_dust":3,"destroy:raw_nickel":46,"minecraft:redstone":42,"minecraft:arrow":12,"minecraft:rotten_flesh":12,"create:ochrum":33,"destroy:fluorite":26,"minecraft:polished_basalt":4,"minecraft:hay_block":15,"create:asurine":8,"minecraft:mutton":3,"minecraft:white_wool":4,"minecraft:cobblestone":79,"minecraft:birch_log":9,"minecraft:magma_block":19,"farmersdelight:rich_soil":2,"minecraft:feather":6,"minecraft:basalt":15,"minecraft:leather":9,"minecraft:red_mushroom":130,"create:raw_zinc":45,"minecraft:oak_log":27,"minecraft:yellow_bed":1,"minecraft:gunpowder":3,"minecraft:lapis_lazuli":19,"minecraft:dirt":16,"minecraft:white_banner":1,"tombstone:gift":2,"farmersdelight:organic_compost":9,"minecraft:cooked_mutton":2,"minecraft:bone":7,"minecraft:apple":2,"minecraft:raw_gold":14,"minecraft:stonecutter":1,"minecraft:wheat_seeds":26,"alexsmobs:cockroach_wing_fragment":1,"minecraft:soul_sand":4,"minecraft:book":60,"minecraft:smooth_basalt":7,"minecraft:pumpkin":16,"minecraft:sweet_berries":16,"minecraft:dandelion":14,"minecraft:gravel":4,"minecraft:dark_oak_log":36,"minecraft:spider_eye":2,"travelersbackpack:white_sleeping_bag":1,"travelersbackpack:standard":4,"minecraft:slime_ball":2,"minecraft:diamond":43,"minecraft:stone_axe":1,"waystones:waystone":3,"minecraft:crossbow":1,"minecraft:bone_meal":6,"tombstone:magic_scroll":1,"minecraft:oak_sapling":12,"minecraft:coal":164,"minecraft:oak_leaves":110}},"DataVersion":3465}