{"stats":{"minecraft:broken":{"minecraft:wooden_sword":1,"minecraft:stone_axe":1,"minecraft:iron_pickaxe":2},"minecraft:dropped":{"minecraft:iron_ingot":1,"minecraft:bread":17,"minecraft:wheat_seeds":2,"minecraft:cobblestone":3,"minecraft:coal":11,"minecraft:stick":2,"minecraft:dirt":1,"minecraft:wooden_axe":1,"minecraft:stone_axe":1,"minecraft:blackstone":1,"minecraft:cobbled_deepslate":2,"minecraft:rotten_flesh":9,"alexsmobs:cockroach_wing_fragment":1,"minecraft:wooden_pickaxe":1,"minecraft:stone_pickaxe":1},"minecraft:custom":{"minecraft:mob_kills":37,"minecraft:interact_with_crafting_table":24,"minecraft:leave_game":10,"minecraft:time_since_death":1105,"minecraft:climb_one_cm":2854,"minecraft:sprint_one_cm":262260,"minecraft:walk_one_cm":297246,"minecraft:damage_blocked_by_shield":720,"minecraft:drop":16,"minecraft:play_time":177768,"minecraft:deaths":5,"minecraft:sneak_time":5258,"minecraft:walk_under_water_one_cm":31504,"minecraft:jump":2101,"minecraft:walk_on_water_one_cm":41914,"minecraft:total_world_time":177768,"minecraft:interact_with_furnace":37,"minecraft:sleep_in_bed":4,"minecraft:time_since_rest":1,"minecraft:waystone_activated":2,"minecraft:damage_taken":3581,"minecraft:damage_dealt":5475,"minecraft:swim_one_cm":55036,"minecraft:fly_one_cm":397239,"minecraft:open_chest":14,"minecraft:crouch_one_cm":12902,"tombstone:undead_killed":18,"minecraft:fall_one_cm":52311},"minecraft:killed":{"mca:female_zombie_villager":1,"minecraft:spider":6,"minecraft:slime":1,"minecraft:skeleton":7,"minecraft:chicken":4,"minecraft:creeper":2,"minecraft:zombie":10,"alexsmobs:cockroach":1,"alexsmobs:terrapin":1,"minecraft:cow":4},"minecraft:killed_by":{"minecraft:creeper":1,"alexsmobs:centipede_head":1,"minecraft:skeleton":3},"minecraft:crafted":{"minecraft:wooden_sword":1,"minecraft:oak_planks":20,"minecraft:coal":144,"minecraft:cooked_chicken":4,"minecraft:furnace":3,"minecraft:iron_axe":1,"minecraft:stone_pickaxe":1,"minecraft:chest":1,"minecraft:wheat":135,"minecraft:cooked_beef":6,"minecraft:coal_block":29,"minecraft:crafting_table":3,"minecraft:wooden_pickaxe":1,"minecraft:iron_sword":1,"minecraft:bucket":1,"minecraft:birch_planks":28,"minecraft:stone_axe":1,"minecraft:bread":45,"minecraft:air":0,"minecraft:shield":1,"minecraft:stick":28,"minecraft:iron_ingot":31,"minecraft:iron_pickaxe":4,"minecraft:wooden_axe":1,"minecraft:torch":96},"minecraft:picked_up":{"minecraft:crafting_table":5,"minecraft:chicken":4,"minecraft:enchanted_book":1,"minecraft:brewing_stand":2,"ad_astra:sky_stone":21,"minecraft:string":7,"minecraft:soul_soil":5,"minecraft:blackstone":42,"minecraft:cobbled_deepslate":8,"minecraft:beef":8,"minecraft:calcite":4,"minecraft:iron_pickaxe":1,"minecraft:coal_block":72,"minecraft:chest":1,"minecraft:egg":5,"minecraft:furnace":2,"minecraft:stick":20,"minecraft:raw_iron":23,"minecraft:torch":29,"destroy:raw_nickel":37,"minecraft:redstone":38,"minecraft:arrow":10,"minecraft:rotten_flesh":12,"create:ochrum":33,"destroy:fluorite":22,"minecraft:polished_basalt":4,"minecraft:hay_block":15,"create:asurine":8,"minecraft:cobblestone":76,"minecraft:birch_log":9,"minecraft:magma_block":19,"minecraft:feather":6,"minecraft:basalt":15,"minecraft:leather":5,"create:raw_zinc":45,"minecraft:oak_log":27,"minecraft:yellow_bed":1,"minecraft:gunpowder":3,"minecraft:lapis_lazuli":19,"minecraft:dirt":5,"tombstone:gift":2,"minecraft:bone":6,"minecraft:apple":2,"minecraft:stonecutter":1,"minecraft:wheat_seeds":7,"alexsmobs:cockroach_wing_fragment":1,"minecraft:soul_sand":4,"minecraft:smooth_basalt":7,"minecraft:pumpkin":16,"minecraft:spider_eye":2,"minecraft:slime_ball":2,"minecraft:diamond":24,"minecraft:stone_axe":1,"waystones:waystone":2,"tombstone:magic_scroll":1,"minecraft:oak_sapling":12,"minecraft:coal":162},"minecraft:mined":{"create:zinc_ore":32,"create:deepslate_zinc_ore":13,"minecraft:deepslate_diamond_ore":24,"destroy:fluorite_ore":9,"minecraft:brewing_stand":2,"minecraft:grass_block":4,"create:ochrum":32,"minecraft:soul_soil":5,"minecraft:coal_block":72,"minecraft:hay_block":15,"minecraft:magma_block":20,"minecraft:furnace":2,"destroy:deepslate_fluorite_ore":14,"minecraft:polished_basalt":4,"minecraft:iron_ore":8,"minecraft:cobbled_deepslate":1,"minecraft:fire":8,"minecraft:pumpkin":17,"minecraft:deepslate_lapis_ore":3,"create:asurine":8,"destroy:nickel_ore":28,"minecraft:deepslate_iron_ore":13,"minecraft:stone":53,"ad_astra:sky_stone":21,"minecraft:deepslate_redstone_ore":8,"minecraft:blackstone":45,"minecraft:soul_sand":4,"minecraft:basalt":15,"minecraft:crafting_table":5,"minecraft:torch":1,"minecraft:calcite":4,"destroy:deepslate_nickel_ore":9,"minecraft:chest":1,"minecraft:tall_grass":11,"minecraft:cobblestone":25,"minecraft:wall_torch":2,"minecraft:birch_log":9,"minecraft:birch_leaves":2,"minecraft:yellow_bed":1,"minecraft:grass":20,"minecraft:oak_log":27,"minecraft:coal_ore":136,"minecraft:dirt":1,"minecraft:cobweb":3,"minecraft:smooth_basalt":17,"minecraft:stonecutter":1,"minecraft:oak_leaves":73,"minecraft:deepslate":8},"minecraft:used":{"minecraft:chest":2,"minecraft:shield":14,"minecraft:iron_sword":42,"minecraft:cooked_chicken":2,"minecraft:torch":93,"minecraft:wooden_axe":4,"minecraft:iron_axe":2,"minecraft:furnace":4,"tombstone:gift":5,"minecraft:egg":1,"minecraft:cooked_beef":6,"minecraft:cobbled_deepslate":2,"minecraft:water_bucket":5,"minecraft:stone_pickaxe":64,"minecraft:blackstone":17,"minecraft:wooden_pickaxe":15,"minecraft:crafting_table":6,"minecraft:oak_log":9,"waystones:waystone":2,"minecraft:bread":28,"minecraft:iron_pickaxe":588,"tombstone:grave_key":1,"ad_astra:sky_stone":8,"minecraft:stone_axe":121,"minecraft:wooden_sword":44,"minecraft:cobblestone":33,"minecraft:bucket":6,"minecraft:birch_log":2,"minecraft:yellow_bed":1,"alexsmobs:animal_dictionary":1}},"DataVersion":3465}