{"stats":{"minecraft:mined":{"minecraft:white_bed":1,"minecraft:oak_sapling":1,"minecraft:blackstone":1,"minecraft:basalt":4,"minecraft:dandelion":15,"destroy:fluorite_ore":1,"minecraft:crafting_table":1,"minecraft:cornflower":1,"minecraft:torch":6,"minecraft:grass_block":12,"minecraft:poppy":2,"create:ochrum":1,"minecraft:coal_block":28,"minecraft:tall_grass":517,"minecraft:oxeye_daisy":2,"minecraft:wall_torch":2,"minecraft:furnace":2,"minecraft:polished_basalt":5,"minecraft:birch_log":28,"minecraft:iron_ore":7,"minecraft:cobbled_deepslate":1,"minecraft:birch_leaves":3,"minecraft:grass":2270,"minecraft:oak_log":68,"minecraft:coal_ore":249,"minecraft:deepslate_iron_ore":5,"minecraft:sand":27,"minecraft:gravel":6,"minecraft:dirt":2,"minecraft:stone":78,"ad_astra:sky_stone":5,"create:veridium":13,"minecraft:oak_leaves":16},"minecraft:crafted":{"minecraft:oak_planks":88,"minecraft:stone_shovel":1,"minecraft:crafting_table":1,"travelersbackpack:backpack_tank":2,"minecraft:wooden_pickaxe":1,"minecraft:furnace":1,"minecraft:bone_meal":12,"minecraft:birch_planks":28,"minecraft:stone_axe":2,"minecraft:cooked_mutton":4,"farmersdelight:cutting_board":1,"minecraft:stick":44,"minecraft:iron_ingot":6,"minecraft:iron_pickaxe":1,"minecraft:stone_pickaxe":3,"minecraft:stone_sword":1,"minecraft:chest":6,"minecraft:white_bed":1,"farmersdelight:diamond_knife":1,"alexsmobs:cooked_catfish":2,"minecraft:torch":56,"minecraft:shears":2},"minecraft:killed_by":{"minecraft:player":1,"minecraft:creeper":1,"minecraft:zombie":1},"minecraft:dropped":{"minecraft:raw_iron":3,"minecraft:stick":7,"minecraft:stone_pickaxe":1},"minecraft:used":{"minecraft:cooked_mutton":4,"alexsmobs:cooked_catfish":2,"minecraft:stone_sword":13,"farmersdelight:diamond_knife":1634,"minecraft:stone_shovel":99,"minecraft:stone_pickaxe":345,"minecraft:oak_planks":7,"create:veridium":13,"minecraft:blackstone":1,"minecraft:polished_basalt":5,"minecraft:chest":2,"minecraft:wooden_pickaxe":59,"minecraft:torch":40,"minecraft:dirt":3,"minecraft:crafting_table":2,"minecraft:white_bed":2,"minecraft:oak_log":4,"minecraft:bread":7,"minecraft:iron_pickaxe":3,"minecraft:gravel":5,"minecraft:basalt":4,"minecraft:stone_axe":1288,"farmersdelight:cutting_board":1,"minecraft:cobblestone":8,"minecraft:oak_sapling":20,"minecraft:furnace":3,"minecraft:birch_log":2,"tombstone:gift":2,"alexsmobs:animal_dictionary":1,"minecraft:cobbled_deepslate":3,"minecraft:bone_meal":12},"minecraft:broken":{"minecraft:stone_pickaxe":2,"minecraft:stone_axe":1,"minecraft:wooden_pickaxe":1},"minecraft:custom":{"minecraft:interact_with_furnace":18,"minecraft:mob_kills":5,"minecraft:interact_with_crafting_table":18,"minecraft:leave_game":4,"minecraft:time_since_death":53986,"minecraft:sleep_in_bed":7,"minecraft:time_since_rest":18814,"minecraft:waystone_activated":3,"minecraft:sprint_one_cm":204482,"minecraft:damage_taken":1282,"minecraft:walk_one_cm":633465,"minecraft:drop":5,"minecraft:damage_dealt":797,"minecraft:swim_one_cm":9311,"minecraft:player_kills":1,"minecraft:fly_one_cm":132874,"minecraft:open_chest":50,"minecraft:crouch_one_cm":8191,"minecraft:play_time":169547,"minecraft:sneak_time":2529,"minecraft:deaths":3,"minecraft:walk_under_water_one_cm":39798,"minecraft:jump":1376,"minecraft:walk_on_water_one_cm":35179,"minecraft:total_world_time":169547,"minecraft:fall_one_cm":19722},"minecraft:killed":{"minecraft:spider":1,"minecraft:sheep":3,"alexsmobs:catfish":1},"minecraft:picked_up":{"minecraft:stripped_oak_log":60,"minecraft:birch_log":28,"minecraft:crafting_table":1,"minecraft:basalt":4,"minecraft:oak_log":68,"ad_astra:sky_stone":5,"minecraft:stripped_birch_log":19,"minecraft:dirt":15,"minecraft:cornflower":1,"minecraft:string":2,"minecraft:glass":15,"minecraft:cooked_mutton":3,"minecraft:bone":4,"minecraft:blackstone":1,"minecraft:apple":2,"minecraft:wheat_seeds":338,"minecraft:cobbled_deepslate":3,"farmersdelight:straw":291,"minecraft:iron_ingot":5,"minecraft:stone_pickaxe":1,"minecraft:poppy":2,"minecraft:coal_block":27,"minecraft:furnace":2,"minecraft:egg":1,"minecraft:stick":9,"minecraft:raw_iron":13,"minecraft:cooked_porkchop":7,"minecraft:pumpkin":1,"minecraft:torch":10,"minecraft:dandelion":13,"minecraft:gravel":5,"minecraft:sand":27,"minecraft:white_bed":1,"alexsmobs:raw_catfish":2,"minecraft:arrow":2,"minecraft:rotten_flesh":1,"farmersdelight:tree_bark":79,"destroy:fluorite":2,"minecraft:polished_basalt":5,"create:veridium":13,"minecraft:bread":17,"minecraft:oak_sapling":23,"minecraft:mutton":4,"minecraft:coal":250,"minecraft:white_wool":4,"minecraft:cobblestone":78,"minecraft:oxeye_daisy":2}},"DataVersion":3465}