{"stats":{"minecraft:used":{"alexsmobs:animal_dictionary":2},"minecraft:crafted":{"minecraft:spruce_planks":8},"minecraft:mined":{"minecraft:spruce_log":3,"minecraft:spruce_leaves":3},"minecraft:picked_up":{"minecraft:spruce_log":2},"minecraft:custom":{"minecraft:jump":23,"minecraft:time_since_rest":5458,"minecraft:leave_game":1,"minecraft:crouch_one_cm":85,"minecraft:sprint_one_cm":955,"minecraft:damage_dealt":10,"minecraft:damage_taken":50,"minecraft:play_time":5458,"minecraft:time_since_death":5458,"minecraft:walk_one_cm":15022,"minecraft:sneak_time":10,"minecraft:total_world_time":5458,"minecraft:fall_one_cm":1430,"minecraft:fly_one_cm":337}},"DataVersion":3465}