{"stats":{"minecraft:crafted":{"minecraft:stone_sword":1,"minecraft:stone_shovel":1,"minecraft:torch":12,"minecraft:stone_axe":1,"minecraft:crafting_table":1,"minecraft:spruce_planks":36,"minecraft:stick":12,"minecraft:wooden_pickaxe":1,"minecraft:stone_pickaxe":1},"minecraft:used":{"minecraft:torch":7,"minecraft:cobblestone":3,"minecraft:crafting_table":1,"minecraft:stone_pickaxe":106,"alexsmobs:animal_dictionary":2,"minecraft:wooden_pickaxe":59},"minecraft:picked_up":{"minecraft:torch":1,"minecraft:spruce_sapling":1,"minecraft:diorite":53,"minecraft:spruce_log":9,"minecraft:coal":43,"minecraft:cobblestone":66},"minecraft:mined":{"minecraft:coal_ore":43,"minecraft:stone":68,"minecraft:spruce_log":10,"minecraft:spruce_leaves":10,"minecraft:wall_torch":1,"minecraft:diorite":53},"minecraft:broken":{"minecraft:wooden_pickaxe":1},"minecraft:custom":{"minecraft:time_since_rest":21050,"minecraft:crouch_one_cm":2211,"minecraft:sprint_one_cm":14142,"minecraft:play_time":21050,"minecraft:damage_taken":60,"minecraft:walk_one_cm":52904,"minecraft:sneak_time":590,"minecraft:walk_under_water_one_cm":3971,"minecraft:jump":125,"minecraft:damage_dealt":10,"minecraft:time_since_death":21050,"minecraft:leave_game":2,"minecraft:walk_on_water_one_cm":5156,"minecraft:total_world_time":21050,"minecraft:interact_with_crafting_table":3,"minecraft:fall_one_cm":4955,"minecraft:fly_one_cm":8442}},"DataVersion":3465}