{"stats":{"minecraft:mined":{"minecraft:white_bed":2,"minecraft:oak_sapling":1,"destroy:fluorite_ore":1,"minecraft:grass_block":158,"create:ochrum":1,"minecraft:coal_block":28,"minecraft:oxeye_daisy":2,"minecraft:furnace":2,"minecraft:polished_basalt":5,"minecraft:iron_ore":17,"minecraft:cobbled_deepslate":1,"minecraft:deepslate_iron_ore":5,"minecraft:stone":187,"ad_astra:sky_stone":5,"create:veridium":13,"minecraft:blackstone":1,"minecraft:basalt":4,"minecraft:dandelion":15,"travelersbackpack:standard":3,"minecraft:cornflower":1,"minecraft:crafting_table":1,"minecraft:torch":11,"minecraft:poppy":2,"minecraft:tall_grass":518,"minecraft:cobblestone":1,"minecraft:oak_planks":11,"minecraft:wall_torch":2,"travelersbackpack:diamond":1,"minecraft:birch_log":28,"minecraft:birch_leaves":3,"minecraft:grass":2272,"minecraft:coal_ore":266,"minecraft:oak_log":185,"minecraft:dark_oak_sapling":6,"minecraft:dirt":2,"minecraft:gravel":6,"minecraft:sand":27,"minecraft:oak_leaves":170},"minecraft:crafted":{"minecraft:oak_planks":304,"minecraft:stone_shovel":2,"minecraft:furnace":1,"minecraft:stone":54,"minecraft:bone_meal":12,"minecraft:cooked_mutton":4,"travelersbackpack:white_sleeping_bag":1,"minecraft:stone_pickaxe":4,"minecraft:chest":6,"alexsmobs:cooked_catfish":2,"minecraft:cooked_beef":2,"minecraft:crafting_table":2,"travelersbackpack:backpack_tank":2,"minecraft:wooden_pickaxe":1,"travelersbackpack:standard":5,"minecraft:birch_planks":28,"minecraft:stone_axe":4,"minecraft:air":0,"farmersdelight:cutting_board":1,"minecraft:stick":44,"minecraft:iron_pickaxe":1,"minecraft:iron_ingot":6,"minecraft:stone_sword":1,"minecraft:white_bed":1,"farmersdelight:diamond_knife":1,"minecraft:torch":56,"minecraft:shears":2},"minecraft:killed_by":{"minecraft:player":1,"minecraft:creeper":1,"minecraft:skeleton":1,"minecraft:zombie":2,"alexsmobs:grizzly_bear":2},"minecraft:dropped":{"minecraft:stick":7,"minecraft:raw_iron":3,"minecraft:stone_pickaxe":1,"minecraft:glass":3},"minecraft:broken":{"minecraft:wooden_pickaxe":1,"minecraft:stone_pickaxe":3,"minecraft:stone_axe":2,"minecraft:stone_shovel":2},"minecraft:used":{"minecraft:stone_sword":35,"farmersdelight:diamond_knife":1634,"minecraft:stone_shovel":262,"create:veridium":13,"minecraft:polished_basalt":5,"minecraft:chest":2,"travelersbackpack:diamond":2,"minecraft:torch":71,"minecraft:dirt":3,"minecraft:basalt":4,"farmersdelight:cutting_board":1,"minecraft:furnace":3,"minecraft:oak_sapling":20,"tombstone:gift":3,"minecraft:cobbled_deepslate":3,"minecraft:dark_oak_sapling":6,"minecraft:cooked_mutton":6,"alexsmobs:cooked_catfish":2,"minecraft:stone_pickaxe":479,"minecraft:oak_planks":158,"minecraft:blackstone":1,"minecraft:wooden_pickaxe":59,"minecraft:oak_leaves":128,"minecraft:crafting_table":3,"minecraft:white_bed":3,"minecraft:shears":142,"minecraft:oak_log":82,"minecraft:bread":17,"minecraft:iron_pickaxe":9,"minecraft:gravel":5,"minecraft:stone_axe":1450,"minecraft:cobblestone":36,"travelersbackpack:standard":4,"minecraft:birch_log":2,"alexsmobs:animal_dictionary":1,"minecraft:bone_meal":22},"minecraft:custom":{"minecraft:interact_with_smithing_table":1,"minecraft:mob_kills":9,"minecraft:interact_with_crafting_table":29,"minecraft:leave_game":5,"minecraft:time_since_death":6441,"minecraft:sprint_one_cm":384535,"minecraft:walk_one_cm":929293,"minecraft:drop":6,"minecraft:play_time":261288,"minecraft:deaths":8,"minecraft:sneak_time":6040,"minecraft:walk_under_water_one_cm":43009,"minecraft:jump":2311,"minecraft:walk_on_water_one_cm":39418,"minecraft:total_world_time":261288,"minecraft:interact_with_furnace":31,"minecraft:sleep_in_bed":15,"minecraft:time_since_rest":3720,"minecraft:waystone_activated":3,"minecraft:damage_taken":5022,"minecraft:damage_dealt":1419,"minecraft:swim_one_cm":9311,"minecraft:fly_one_cm":274930,"minecraft:player_kills":1,"minecraft:open_chest":85,"minecraft:crouch_one_cm":19750,"tombstone:undead_killed":4,"minecraft:fall_one_cm":55471},"minecraft:killed":{"minecraft:spider":1,"minecraft:skeleton":3,"minecraft:sheep":3,"alexsmobs:catfish":1,"minecraft:zombie":1},"minecraft:picked_up":{"minecraft:crafting_table":1,"ad_astra:sky_stone":5,"minecraft:cornflower":1,"minecraft:string":2,"travelersbackpack:diamond":1,"minecraft:blackstone":1,"minecraft:cobbled_deepslate":3,"farmersdelight:straw":291,"minecraft:poppy":2,"minecraft:coal_block":27,"minecraft:egg":4,"minecraft:furnace":2,"minecraft:dark_oak_sapling":6,"minecraft:raw_iron":23,"minecraft:stick":29,"minecraft:torch":15,"travelersbackpack:iron_tier_upgrade":1,"travelersbackpack:diamond_tier_upgrade":1,"tombstone:grave_dust":1,"travelersbackpack:crafting_upgrade":1,"minecraft:arrow":2,"minecraft:rotten_flesh":7,"farmersdelight:tree_bark":79,"destroy:fluorite":2,"minecraft:polished_basalt":5,"create:veridium":13,"minecraft:mutton":4,"minecraft:oxeye_daisy":2,"minecraft:cobblestone":181,"minecraft:white_wool":7,"minecraft:stripped_oak_log":60,"minecraft:birch_log":28,"minecraft:basalt":4,"minecraft:leather":7,"minecraft:oak_log":206,"travelersbackpack:gold_tier_upgrade":1,"minecraft:dirt":161,"minecraft:stripped_birch_log":19,"minecraft:cooked_mutton":3,"minecraft:glass":15,"minecraft:bone":4,"minecraft:apple":7,"minecraft:wheat_seeds":338,"minecraft:stone_pickaxe":1,"minecraft:iron_ingot":5,"minecraft:oak_planks":11,"minecraft:cooked_porkchop":7,"minecraft:pumpkin":1,"minecraft:dandelion":13,"minecraft:gravel":5,"minecraft:sand":27,"minecraft:white_bed":2,"travelersbackpack:standard":3,"alexsmobs:raw_catfish":2,"minecraft:bone_meal":6,"minecraft:gray_wool":1,"minecraft:bread":17,"minecraft:oak_sapling":41,"minecraft:coal":267,"minecraft:oak_leaves":142}},"DataVersion":3465}