{"stats":{"minecraft:crafted":{"minecraft:stone_shovel":1,"minecraft:crafting_table":1,"minecraft:wooden_pickaxe":1,"minecraft:furnace":1,"minecraft:birch_planks":28,"minecraft:stone_axe":1,"minecraft:cooked_mutton":4,"minecraft:stick":36,"minecraft:iron_ingot":2,"minecraft:iron_pickaxe":1,"minecraft:stone_pickaxe":3,"minecraft:stone_sword":1,"minecraft:white_bed":1,"alexsmobs:cooked_catfish":2,"minecraft:torch":56},"minecraft:broken":{"minecraft:stone_pickaxe":2,"minecraft:wooden_pickaxe":1},"minecraft:killed":{"minecraft:spider":1,"minecraft:sheep":3,"alexsmobs:catfish":1},"minecraft:picked_up":{"minecraft:birch_log":7,"minecraft:crafting_table":1,"minecraft:basalt":4,"ad_astra:sky_stone":5,"minecraft:dirt":13,"minecraft:string":2,"minecraft:blackstone":1,"minecraft:wheat_seeds":2,"minecraft:cobbled_deepslate":3,"minecraft:stone_pickaxe":1,"minecraft:iron_ingot":1,"minecraft:coal_block":27,"minecraft:furnace":2,"minecraft:raw_iron":13,"minecraft:pumpkin":1,"minecraft:torch":4,"minecraft:gravel":5,"minecraft:sand":27,"minecraft:white_bed":1,"alexsmobs:raw_catfish":2,"destroy:fluorite":2,"minecraft:polished_basalt":5,"create:veridium":13,"minecraft:bread":17,"minecraft:mutton":4,"minecraft:coal":250,"minecraft:white_wool":3,"minecraft:cobblestone":78},"minecraft:mined":{"minecraft:white_bed":1,"minecraft:blackstone":1,"minecraft:basalt":4,"destroy:fluorite_ore":1,"minecraft:crafting_table":1,"minecraft:torch":1,"minecraft:grass_block":12,"create:ochrum":1,"minecraft:coal_block":28,"minecraft:tall_grass":1,"minecraft:wall_torch":2,"minecraft:furnace":2,"minecraft:polished_basalt":5,"minecraft:birch_log":7,"minecraft:iron_ore":7,"minecraft:cobbled_deepslate":1,"minecraft:birch_leaves":1,"minecraft:grass":4,"minecraft:coal_ore":249,"minecraft:deepslate_iron_ore":5,"minecraft:gravel":6,"minecraft:sand":27,"minecraft:dirt":1,"minecraft:stone":78,"ad_astra:sky_stone":5,"create:veridium":13},"minecraft:killed_by":{"minecraft:creeper":1,"minecraft:zombie":1},"minecraft:dropped":{"minecraft:raw_iron":3,"minecraft:stick":7,"minecraft:stone_pickaxe":1},"minecraft:custom":{"minecraft:interact_with_furnace":15,"minecraft:mob_kills":5,"minecraft:interact_with_crafting_table":11,"minecraft:leave_game":2,"minecraft:time_since_death":33783,"minecraft:sleep_in_bed":4,"minecraft:time_since_rest":31384,"minecraft:waystone_activated":1,"minecraft:sprint_one_cm":106243,"minecraft:damage_taken":980,"minecraft:walk_one_cm":311780,"minecraft:drop":5,"minecraft:damage_dealt":706,"minecraft:swim_one_cm":9311,"minecraft:fly_one_cm":78288,"minecraft:open_chest":9,"minecraft:crouch_one_cm":7746,"minecraft:play_time":107841,"minecraft:deaths":2,"minecraft:sneak_time":2425,"minecraft:walk_under_water_one_cm":38020,"minecraft:jump":1045,"minecraft:walk_on_water_one_cm":33413,"minecraft:total_world_time":107841,"minecraft:fall_one_cm":15933},"minecraft:used":{"minecraft:cooked_mutton":4,"alexsmobs:cooked_catfish":2,"minecraft:stone_sword":13,"minecraft:stone_shovel":44,"minecraft:stone_pickaxe":345,"create:veridium":13,"minecraft:blackstone":1,"minecraft:polished_basalt":5,"minecraft:wooden_pickaxe":59,"minecraft:torch":40,"minecraft:dirt":2,"minecraft:crafting_table":2,"minecraft:white_bed":2,"minecraft:bread":5,"minecraft:iron_pickaxe":3,"minecraft:gravel":5,"minecraft:stone_axe":8,"minecraft:basalt":4,"minecraft:cobblestone":8,"minecraft:furnace":3,"tombstone:gift":2,"alexsmobs:animal_dictionary":1,"minecraft:cobbled_deepslate":3}},"DataVersion":3465}